{
  "version": 1,
  "author": "Uri Shaked",
  "editor": "wokwi",
  "parts": [
    { "type": "wokwi-esp32-devkit-v1", "id": "esp", "top": 4.7, "left": 4.6, "attrs": {} },
    {
      "type": "wokwi-led",
      "id": "led1",
      "top": -32.4,
      "left": 186.2,
      "attrs": { "color": "purple", "flip": "" }
    },
    {
      "type": "wokwi-resistor",
      "id": "r1",
      "top": 52.8,
      "left": 181.85,
      "rotate": 90,
      "attrs": { "value": "1000" }
    },
    {
      "type": "wokwi-pushbutton",
      "id": "btn1",
      "top": 198.2,
      "left": -172.8,
      "attrs": { "color": "black" }
    },
    {
      "type": "wokwi-resistor",
      "id": "r2",
      "top": 157.55,
      "left": -76.8,
      "attrs": { "value": "1000" }
    }
  ],
  "connections": [
    [ "esp:TX0", "$serialMonitor:RX", "", [] ],
    [ "esp:RX0", "$serialMonitor:TX", "", [] ],
    [ "led1:A", "r1:1", "green", [ "v0" ] ],
    [ "r1:2", "esp:D2", "green", [ "h0" ] ],
    [ "led1:C", "esp:GND.1", "black", [ "v0" ] ],
    [ "btn1:2.r", "esp:3V3", "green", [ "h0" ] ],
    [ "btn1:1.r", "r2:1", "green", [ "v0" ] ],
    [ "r2:2", "esp:GND.2", "green", [ "v0" ] ],
    [ "btn1:1.l", "esp:D12", "green", [ "v-86.4", "h177.8" ] ]
  ],
  "dependencies": {}
}